filename,file_size,file_attributes,region_count,region_id,region_shape_attributes,region_attributes
1.jpg,181449,"{""caption"":"""",""public_domain"":""no"",""image_url"":""""}",31,0,"{""name"":""rect"",""x"":42,""y"":122,""width"":12,""height"":17}","{""name"":""date"",""type"":""1"",""image_quality"":{""good"":true,""frontal"":true,""good_illumination"":true}}"
1.jpg,181449,"{""caption"":"""",""public_domain"":""no"",""image_url"":""""}",31,1,"{""name"":""rect"",""x"":127,""y"":121,""width"":14,""height"":19}","{""name"":""date"",""type"":""2"",""image_quality"":{""good"":true,""frontal"":true,""good_illumination"":true}}"
1.jpg,181449,"{""caption"":"""",""public_domain"":""no"",""image_url"":""""}",31,2,"{""name"":""rect"",""x"":214,""y"":122,""width"":14,""height"":17}","{""name"":""date"",""type"":""3"",""image_quality"":{""good"":true,""frontal"":true,""good_illumination"":true}}"
1.jpg,181449,"{""caption"":"""",""public_domain"":""no"",""image_url"":""""}",31,3,"{""name"":""rect"",""x"":302,""y"":122,""width"":13,""height"":17}","{""name"":""date"",""type"":""4"",""image_quality"":{""good"":true,""frontal"":true,""good_illumination"":true}}"
1.jpg,181449,"{""caption"":"""",""public_domain"":""no"",""image_url"":""""}",31,4,"{""name"":""rect"",""x"":389,""y"":121,""width"":13,""height"":19}","{""name"":""date"",""type"":""5"",""image_quality"":{""good"":true,""frontal"":true,""good_illumination"":true}}"
1.jpg,181449,"{""caption"":"""",""public_domain"":""no"",""image_url"":""""}",31,5,"{""name"":""rect"",""x"":476,""y"":120,""width"":15,""height"":20}","{""name"":""date"",""type"":""6"",""image_quality"":{""good"":true,""frontal"":true,""good_illumination"":true}}"
1.jpg,181449,"{""caption"":"""",""public_domain"":""no"",""image_url"":""""}",31,6,"{""name"":""rect"",""x"":564,""y"":119,""width"":13,""height"":20}","{""name"":""date"",""type"":""7"",""image_quality"":{""good"":true,""frontal"":true,""good_illumination"":true}}"
1.jpg,181449,"{""caption"":"""",""public_domain"":""no"",""image_url"":""""}",31,7,"{""name"":""rect"",""x"":41,""y"":188,""width"":15,""height"":19}","{""name"":""date"",""type"":""8"",""image_quality"":{""good"":true,""frontal"":true,""good_illumination"":true}}"
1.jpg,181449,"{""caption"":"""",""public_domain"":""no"",""image_url"":""""}",31,8,"{""name"":""rect"",""x"":127,""y"":188,""width"":15,""height"":19}","{""name"":""date"",""type"":""9"",""image_quality"":{""good"":true,""frontal"":true,""good_illumination"":true}}"
1.jpg,181449,"{""caption"":"""",""public_domain"":""no"",""image_url"":""""}",31,9,"{""name"":""rect"",""x"":212,""y"":188,""width"":21,""height"":19}","{""name"":""date"",""type"":""10"",""image_quality"":{""good"":true,""frontal"":true,""good_illumination"":true}}"
1.jpg,181449,"{""caption"":"""",""public_domain"":""no"",""image_url"":""""}",31,10,"{""name"":""rect"",""x"":298,""y"":188,""width"":22,""height"":19}","{""name"":""date"",""type"":""11"",""image_quality"":{""good"":true,""frontal"":true,""good_illumination"":true}}"
1.jpg,181449,"{""caption"":"""",""public_domain"":""no"",""image_url"":""""}",31,11,"{""name"":""rect"",""x"":385,""y"":187,""width"":23,""height"":21}","{""name"":""date"",""type"":""12"",""image_quality"":{""good"":true,""frontal"":true,""good_illumination"":true}}"
1.jpg,181449,"{""caption"":"""",""public_domain"":""no"",""image_url"":""""}",31,12,"{""name"":""rect"",""x"":473,""y"":188,""width"":22,""height"":20}","{""name"":""date"",""type"":""13"",""image_quality"":{""good"":true,""frontal"":true,""good_illumination"":true}}"
1.jpg,181449,"{""caption"":"""",""public_domain"":""no"",""image_url"":""""}",31,13,"{""name"":""rect"",""x"":560,""y"":187,""width"":23,""height"":20}","{""name"":""date"",""type"":""14"",""image_quality"":{""good"":true,""frontal"":true,""good_illumination"":true}}"
1.jpg,181449,"{""caption"":"""",""public_domain"":""no"",""image_url"":""""}",31,14,"{""name"":""rect"",""x"":38,""y"":254,""width"":22,""height"":20}","{""name"":""date"",""type"":""15"",""image_quality"":{""good"":true,""frontal"":true,""good_illumination"":true}}"
1.jpg,181449,"{""caption"":"""",""public_domain"":""no"",""image_url"":""""}",31,15,"{""name"":""rect"",""x"":124,""y"":254,""width"":22,""height"":20}","{""name"":""date"",""type"":""16"",""image_quality"":{""good"":true,""frontal"":true,""good_illumination"":true}}"
1.jpg,181449,"{""caption"":"""",""public_domain"":""no"",""image_url"":""""}",31,16,"{""name"":""rect"",""x"":212,""y"":254,""width"":21,""height"":19}","{""name"":""date"",""type"":""17"",""image_quality"":{""good"":true,""frontal"":true,""good_illumination"":true}}"
1.jpg,181449,"{""caption"":"""",""public_domain"":""no"",""image_url"":""""}",31,17,"{""name"":""rect"",""x"":298,""y"":255,""width"":23,""height"":19}","{""name"":""date"",""type"":""18"",""image_quality"":{""good"":true,""frontal"":true,""good_illumination"":true}}"
1.jpg,181449,"{""caption"":"""",""public_domain"":""no"",""image_url"":""""}",31,18,"{""name"":""rect"",""x"":385,""y"":254,""width"":22,""height"":19}","{""name"":""date"",""type"":""19"",""image_quality"":{""good"":true,""frontal"":true,""good_illumination"":true}}"
1.jpg,181449,"{""caption"":"""",""public_domain"":""no"",""image_url"":""""}",31,19,"{""name"":""rect"",""x"":471,""y"":255,""width"":23,""height"":19}","{""name"":""date"",""type"":""20"",""image_quality"":{""good"":true,""frontal"":true,""good_illumination"":true}}"
1.jpg,181449,"{""caption"":"""",""public_domain"":""no"",""image_url"":""""}",31,20,"{""name"":""rect"",""x"":558,""y"":254,""width"":22,""height"":19}","{""name"":""date"",""type"":""21"",""image_quality"":{""good"":true,""frontal"":true,""good_illumination"":true}}"
1.jpg,181449,"{""caption"":"""",""public_domain"":""no"",""image_url"":""""}",31,21,"{""name"":""rect"",""x"":37,""y"":322,""width"":23,""height"":19}","{""name"":""date"",""type"":""22"",""image_quality"":{""good"":true,""frontal"":true,""good_illumination"":true}}"
1.jpg,181449,"{""caption"":"""",""public_domain"":""no"",""image_url"":""""}",31,22,"{""name"":""rect"",""x"":123,""y"":322,""width"":22,""height"":19}","{""name"":""date"",""type"":""23"",""image_quality"":{""good"":true,""frontal"":true,""good_illumination"":true}}"
1.jpg,181449,"{""caption"":"""",""public_domain"":""no"",""image_url"":""""}",31,23,"{""name"":""rect"",""x"":210,""y"":322,""width"":21,""height"":19}","{""name"":""date"",""type"":""24"",""image_quality"":{""good"":true,""frontal"":true,""good_illumination"":true}}"
1.jpg,181449,"{""caption"":"""",""public_domain"":""no"",""image_url"":""""}",31,24,"{""name"":""rect"",""x"":297,""y"":322,""width"":23,""height"":18}","{""name"":""date"",""type"":""25"",""image_quality"":{""good"":true,""frontal"":true,""good_illumination"":true}}"
1.jpg,181449,"{""caption"":"""",""public_domain"":""no"",""image_url"":""""}",31,25,"{""name"":""rect"",""x"":384,""y"":322,""width"":22,""height"":19}","{""name"":""date"",""type"":""26"",""image_quality"":{""good"":true,""frontal"":true,""good_illumination"":true}}"
1.jpg,181449,"{""caption"":"""",""public_domain"":""no"",""image_url"":""""}",31,26,"{""name"":""rect"",""x"":472,""y"":321,""width"":22,""height"":20}","{""name"":""date"",""type"":""27"",""image_quality"":{""good"":true,""frontal"":true,""good_illumination"":true}}"
1.jpg,181449,"{""caption"":"""",""public_domain"":""no"",""image_url"":""""}",31,27,"{""name"":""rect"",""x"":559,""y"":322,""width"":24,""height"":19}","{""name"":""date"",""type"":""28"",""image_quality"":{""good"":true,""frontal"":true,""good_illumination"":true}}"
1.jpg,181449,"{""caption"":"""",""public_domain"":""no"",""image_url"":""""}",31,28,"{""name"":""rect"",""x"":37,""y"":389,""width"":23,""height"":19}","{""name"":""date"",""type"":""29"",""image_quality"":{""good"":true,""frontal"":true,""good_illumination"":true}}"
1.jpg,181449,"{""caption"":"""",""public_domain"":""no"",""image_url"":""""}",31,29,"{""name"":""rect"",""x"":123,""y"":389,""width"":22,""height"":18}","{""name"":""date"",""type"":""30"",""image_quality"":{""good"":true,""frontal"":true,""good_illumination"":true}}"
1.jpg,181449,"{""caption"":"""",""public_domain"":""no"",""image_url"":""""}",31,30,"{""name"":""rect"",""x"":210,""y"":389,""width"":21,""height"":18}","{""name"":""date"",""type"":""31"",""image_quality"":{""good"":true,""frontal"":true,""good_illumination"":true}}"
2.png,8411,"{""caption"":"""",""public_domain"":""no"",""image_url"":""""}",30,0,"{""name"":""rect"",""x"":183,""y"":88,""width"":9,""height"":15}","{""name"":""date"",""type"":""1"",""image_quality"":{""good"":true,""frontal"":true,""good_illumination"":true}}"
2.png,8411,"{""caption"":"""",""public_domain"":""no"",""image_url"":""""}",30,1,"{""name"":""rect"",""x"":25,""y"":107,""width"":11,""height"":14}","{""name"":""date"",""type"":""2"",""image_quality"":{""good"":true,""frontal"":true,""good_illumination"":true}}"
2.png,8411,"{""caption"":"""",""public_domain"":""no"",""image_url"":""""}",30,2,"{""name"":""rect"",""x"":52,""y"":106,""width"":11,""height"":14}","{""name"":""date"",""type"":""3"",""image_quality"":{""good"":true,""frontal"":true,""good_illumination"":true}}"
2.png,8411,"{""caption"":"""",""public_domain"":""no"",""image_url"":""""}",30,3,"{""name"":""rect"",""x"":78,""y"":106,""width"":11,""height"":14}","{""name"":""date"",""type"":""4"",""image_quality"":{""good"":true,""frontal"":true,""good_illumination"":true}}"
2.png,8411,"{""caption"":"""",""public_domain"":""no"",""image_url"":""""}",30,4,"{""name"":""rect"",""x"":104,""y"":106,""width"":11,""height"":14}","{""name"":""date"",""type"":""5"",""image_quality"":{""good"":true,""frontal"":true,""good_illumination"":true}}"
2.png,8411,"{""caption"":"""",""public_domain"":""no"",""image_url"":""""}",30,5,"{""name"":""rect"",""x"":130,""y"":106,""width"":11,""height"":14}","{""name"":""date"",""type"":""6"",""image_quality"":{""good"":true,""frontal"":true,""good_illumination"":true}}"
2.png,8411,"{""caption"":"""",""public_domain"":""no"",""image_url"":""""}",30,6,"{""name"":""rect"",""x"":156,""y"":106,""width"":10,""height"":14}","{""name"":""date"",""type"":""7"",""image_quality"":{""good"":true,""frontal"":true,""good_illumination"":true}}"
2.png,8411,"{""caption"":"""",""public_domain"":""no"",""image_url"":""""}",30,7,"{""name"":""rect"",""x"":182,""y"":107,""width"":11,""height"":14}","{""name"":""date"",""type"":""8"",""image_quality"":{""good"":true,""frontal"":true,""good_illumination"":true}}"
2.png,8411,"{""caption"":"""",""public_domain"":""no"",""image_url"":""""}",30,8,"{""name"":""rect"",""x"":26,""y"":125,""width"":10,""height"":13}","{""name"":""date"",""type"":""9"",""image_quality"":{""good"":true,""frontal"":true,""good_illumination"":true}}"
2.png,8411,"{""caption"":"""",""public_domain"":""no"",""image_url"":""""}",30,9,"{""name"":""rect"",""x"":50,""y"":124,""width"":16,""height"":14}","{""name"":""date"",""type"":""10"",""image_quality"":{""good"":true,""frontal"":true,""good_illumination"":true}}"
2.png,8411,"{""caption"":"""",""public_domain"":""no"",""image_url"":""""}",30,10,"{""name"":""rect"",""x"":77,""y"":124,""width"":14,""height"":13}","{""name"":""date"",""type"":""11"",""image_quality"":{""good"":true,""frontal"":true,""good_illumination"":true}}"
2.png,8411,"{""caption"":"""",""public_domain"":""no"",""image_url"":""""}",30,11,"{""name"":""rect"",""x"":102,""y"":124,""width"":16,""height"":14}","{""name"":""date"",""type"":""12"",""image_quality"":{""good"":true,""frontal"":true,""good_illumination"":true}}"
2.png,8411,"{""caption"":"""",""public_domain"":""no"",""image_url"":""""}",30,12,"{""name"":""rect"",""x"":128,""y"":124,""width"":15,""height"":14}","{""name"":""date"",""type"":""13"",""image_quality"":{""good"":true,""frontal"":true,""good_illumination"":true}}"
2.png,8411,"{""caption"":"""",""public_domain"":""no"",""image_url"":""""}",30,13,"{""name"":""rect"",""x"":155,""y"":124,""width"":16,""height"":14}","{""name"":""date"",""type"":""14"",""image_quality"":{""good"":true,""frontal"":true,""good_illumination"":true}}"
2.png,8411,"{""caption"":"""",""public_domain"":""no"",""image_url"":""""}",30,14,"{""name"":""rect"",""x"":181,""y"":124,""width"":16,""height"":13}","{""name"":""date"",""type"":""15"",""image_quality"":{""good"":true,""frontal"":true,""good_illumination"":true}}"
2.png,8411,"{""caption"":"""",""public_domain"":""no"",""image_url"":""""}",30,15,"{""name"":""rect"",""x"":24,""y"":142,""width"":16,""height"":13}","{""name"":""date"",""type"":""16"",""image_quality"":{""good"":true,""frontal"":true,""good_illumination"":true}}"
2.png,8411,"{""caption"":"""",""public_domain"":""no"",""image_url"":""""}",30,16,"{""name"":""rect"",""x"":50,""y"":142,""width"":16,""height"":13}","{""name"":""date"",""type"":""17"",""image_quality"":{""good"":true,""frontal"":true,""good_illumination"":true}}"
2.png,8411,"{""caption"":"""",""public_domain"":""no"",""image_url"":""""}",30,17,"{""name"":""rect"",""x"":76,""y"":141,""width"":17,""height"":14}","{""name"":""date"",""type"":""18"",""image_quality"":{""good"":true,""frontal"":true,""good_illumination"":true}}"
2.png,8411,"{""caption"":"""",""public_domain"":""no"",""image_url"":""""}",30,18,"{""name"":""rect"",""x"":102,""y"":142,""width"":16,""height"":13}","{""name"":""date"",""type"":""19"",""image_quality"":{""good"":true,""frontal"":true,""good_illumination"":true}}"
2.png,8411,"{""caption"":"""",""public_domain"":""no"",""image_url"":""""}",30,19,"{""name"":""rect"",""x"":127,""y"":142,""width"":17,""height"":13}","{""name"":""date"",""type"":""20"",""image_quality"":{""good"":true,""frontal"":true,""good_illumination"":true}}"
2.png,8411,"{""caption"":"""",""public_domain"":""no"",""image_url"":""""}",30,20,"{""name"":""rect"",""x"":154,""y"":142,""width"":14,""height"":13}","{""name"":""date"",""type"":""21"",""image_quality"":{""good"":true,""frontal"":true,""good_illumination"":true}}"
2.png,8411,"{""caption"":"""",""public_domain"":""no"",""image_url"":""""}",30,21,"{""name"":""rect"",""x"":180,""y"":142,""width"":16,""height"":13}","{""name"":""date"",""type"":""22"",""image_quality"":{""good"":true,""frontal"":true,""good_illumination"":true}}"
2.png,8411,"{""caption"":"""",""public_domain"":""no"",""image_url"":""""}",30,22,"{""name"":""rect"",""x"":23,""y"":159,""width"":17,""height"":13}","{""name"":""date"",""type"":""23"",""image_quality"":{""good"":true,""frontal"":true,""good_illumination"":true}}"
2.png,8411,"{""caption"":"""",""public_domain"":""no"",""image_url"":""""}",30,23,"{""name"":""rect"",""x"":49,""y"":159,""width"":16,""height"":14}","{""name"":""date"",""type"":""24"",""image_quality"":{""good"":true,""frontal"":true,""good_illumination"":true}}"
2.png,8411,"{""caption"":"""",""public_domain"":""no"",""image_url"":""""}",30,24,"{""name"":""rect"",""x"":75,""y"":159,""width"":16,""height"":13}","{""name"":""date"",""type"":""25"",""image_quality"":{""good"":true,""frontal"":true,""good_illumination"":true}}"
2.png,8411,"{""caption"":"""",""public_domain"":""no"",""image_url"":""""}",30,25,"{""name"":""rect"",""x"":102,""y"":159,""width"":16,""height"":13}","{""name"":""date"",""type"":""26"",""image_quality"":{""good"":true,""frontal"":true,""good_illumination"":true}}"
2.png,8411,"{""caption"":"""",""public_domain"":""no"",""image_url"":""""}",30,26,"{""name"":""rect"",""x"":127,""y"":159,""width"":17,""height"":13}","{""name"":""date"",""type"":""27"",""image_quality"":{""good"":true,""frontal"":true,""good_illumination"":true}}"
2.png,8411,"{""caption"":"""",""public_domain"":""no"",""image_url"":""""}",30,27,"{""name"":""rect"",""x"":154,""y"":159,""width"":16,""height"":14}","{""name"":""date"",""type"":""28"",""image_quality"":{""good"":true,""frontal"":true,""good_illumination"":true}}"
2.png,8411,"{""caption"":"""",""public_domain"":""no"",""image_url"":""""}",30,28,"{""name"":""rect"",""x"":180,""y"":159,""width"":16,""height"":14}","{""name"":""date"",""type"":""29"",""image_quality"":{""good"":true,""frontal"":true,""good_illumination"":true}}"
2.png,8411,"{""caption"":"""",""public_domain"":""no"",""image_url"":""""}",30,29,"{""name"":""rect"",""x"":23,""y"":177,""width"":16,""height"":13}","{""name"":""date"",""type"":""30"",""image_quality"":{""good"":true,""frontal"":true,""good_illumination"":true}}"
3.jpg,136543,"{""caption"":"""",""public_domain"":""no"",""image_url"":""""}",31,0,"{""name"":""rect"",""x"":596,""y"":233,""width"":26,""height"":38}","{""name"":""date"",""type"":""1"",""image_quality"":{""good"":true,""frontal"":true,""good_illumination"":true}}"
3.jpg,136543,"{""caption"":"""",""public_domain"":""no"",""image_url"":""""}",31,1,"{""name"":""rect"",""x"":768,""y"":233,""width"":31,""height"":40}","{""name"":""date"",""type"":""2"",""image_quality"":{""good"":true,""frontal"":true,""good_illumination"":true}}"
3.jpg,136543,"{""caption"":"""",""public_domain"":""no"",""image_url"":""""}",31,2,"{""name"":""rect"",""x"":944,""y"":233,""width"":31,""height"":39}","{""name"":""date"",""type"":""3"",""image_quality"":{""good"":true,""frontal"":true,""good_illumination"":true}}"
3.jpg,136543,"{""caption"":"""",""public_domain"":""no"",""image_url"":""""}",31,3,"{""name"":""rect"",""x"":1119,""y"":233,""width"":29,""height"":39}","{""name"":""date"",""type"":""4"",""image_quality"":{""good"":true,""frontal"":true,""good_illumination"":true}}"
3.jpg,136543,"{""caption"":"""",""public_domain"":""no"",""image_url"":""""}",31,4,"{""name"":""rect"",""x"":73,""y"":366,""width"":31,""height"":40}","{""name"":""date"",""type"":""5"",""image_quality"":{""good"":true,""frontal"":true,""good_illumination"":true}}"
3.jpg,136543,"{""caption"":"""",""public_domain"":""no"",""image_url"":""""}",31,5,"{""name"":""rect"",""x"":244,""y"":366,""width"":33,""height"":40}","{""name"":""date"",""type"":""6"",""image_quality"":{""good"":true,""frontal"":true,""good_illumination"":true}}"
3.jpg,136543,"{""caption"":"""",""public_domain"":""no"",""image_url"":""""}",31,6,"{""name"":""rect"",""x"":417,""y"":366,""width"":32,""height"":37}","{""name"":""date"",""type"":""7"",""image_quality"":{""good"":true,""frontal"":true,""good_illumination"":true}}"
3.jpg,136543,"{""caption"":"""",""public_domain"":""no"",""image_url"":""""}",31,7,"{""name"":""rect"",""x"":594,""y"":367,""width"":29,""height"":39}","{""name"":""date"",""type"":""8"",""image_quality"":{""good"":true,""frontal"":true,""good_illumination"":true}}"
3.jpg,136543,"{""caption"":"""",""public_domain"":""no"",""image_url"":""""}",31,8,"{""name"":""rect"",""x"":766,""y"":369,""width"":33,""height"":36}","{""name"":""date"",""type"":""9"",""image_quality"":{""good"":true,""frontal"":true,""good_illumination"":true}}"
3.jpg,136543,"{""caption"":"""",""public_domain"":""no"",""image_url"":""""}",31,9,"{""name"":""rect"",""x"":938,""y"":366,""width"":45,""height"":42}","{""name"":""date"",""type"":""10"",""image_quality"":{""good"":true,""frontal"":true,""good_illumination"":true}}"
3.jpg,136543,"{""caption"":"""",""public_domain"":""no"",""image_url"":""""}",31,10,"{""name"":""rect"",""x"":1112,""y"":364,""width"":41,""height"":43}","{""name"":""date"",""type"":""11"",""image_quality"":{""good"":true,""frontal"":true,""good_illumination"":true}}"
3.jpg,136543,"{""caption"":"""",""public_domain"":""no"",""image_url"":""""}",31,11,"{""name"":""rect"",""x"":68,""y"":501,""width"":44,""height"":41}","{""name"":""date"",""type"":""12"",""image_quality"":{""good"":true,""frontal"":true,""good_illumination"":true}}"
3.jpg,136543,"{""caption"":"""",""public_domain"":""no"",""image_url"":""""}",31,12,"{""name"":""rect"",""x"":239,""y"":498,""width"":45,""height"":43}","{""name"":""date"",""type"":""13"",""image_quality"":{""good"":true,""frontal"":true,""good_illumination"":true}}"
3.jpg,136543,"{""caption"":"""",""public_domain"":""no"",""image_url"":""""}",31,13,"{""name"":""rect"",""x"":414,""y"":499,""width"":45,""height"":42}","{""name"":""date"",""type"":""14"",""image_quality"":{""good"":true,""frontal"":true,""good_illumination"":true}}"
3.jpg,136543,"{""caption"":"""",""public_domain"":""no"",""image_url"":""""}",31,14,"{""name"":""rect"",""x"":588,""y"":497,""width"":43,""height"":43}","{""name"":""date"",""type"":""15"",""image_quality"":{""good"":true,""frontal"":true,""good_illumination"":true}}"
3.jpg,136543,"{""caption"":"""",""public_domain"":""no"",""image_url"":""""}",31,15,"{""name"":""rect"",""x"":761,""y"":499,""width"":44,""height"":42}","{""name"":""date"",""type"":""16"",""image_quality"":{""good"":true,""frontal"":true,""good_illumination"":true}}"
3.jpg,136543,"{""caption"":"""",""public_domain"":""no"",""image_url"":""""}",31,16,"{""name"":""rect"",""x"":938,""y"":498,""width"":43,""height"":41}","{""name"":""date"",""type"":""17"",""image_quality"":{""good"":true,""frontal"":true,""good_illumination"":true}}"
3.jpg,136543,"{""caption"":"""",""public_domain"":""no"",""image_url"":""""}",31,17,"{""name"":""rect"",""x"":1112,""y"":499,""width"":44,""height"":41}","{""name"":""date"",""type"":""18"",""image_quality"":{""good"":true,""frontal"":true,""good_illumination"":true}}"
3.jpg,136543,"{""caption"":"""",""public_domain"":""no"",""image_url"":""""}",31,18,"{""name"":""rect"",""x"":66,""y"":635,""width"":46,""height"":39}","{""name"":""date"",""type"":""19"",""image_quality"":{""good"":true,""frontal"":true,""good_illumination"":true}}"
3.jpg,136543,"{""caption"":"""",""public_domain"":""no"",""image_url"":""""}",31,19,"{""name"":""rect"",""x"":236,""y"":633,""width"":47,""height"":41}","{""name"":""date"",""type"":""20"",""image_quality"":{""good"":true,""frontal"":true,""good_illumination"":true}}"
3.jpg,136543,"{""caption"":"""",""public_domain"":""no"",""image_url"":""""}",31,20,"{""name"":""rect"",""x"":409,""y"":634,""width"":46,""height"":41}","{""name"":""date"",""type"":""21"",""image_quality"":{""good"":true,""frontal"":true,""good_illumination"":true}}"
3.jpg,136543,"{""caption"":"""",""public_domain"":""no"",""image_url"":""""}",31,21,"{""name"":""rect"",""x"":582,""y"":633,""width"":52,""height"":43}","{""name"":""date"",""type"":""22"",""image_quality"":{""good"":true,""frontal"":true,""good_illumination"":true}}"
3.jpg,136543,"{""caption"":"""",""public_domain"":""no"",""image_url"":""""}",31,22,"{""name"":""rect"",""x"":759,""y"":635,""width"":47,""height"":38}","{""name"":""date"",""type"":""23"",""image_quality"":{""good"":true,""frontal"":true,""good_illumination"":true}}"
3.jpg,136543,"{""caption"":"""",""public_domain"":""no"",""image_url"":""""}",31,23,"{""name"":""rect"",""x"":934,""y"":633,""width"":49,""height"":43}","{""name"":""date"",""type"":""24"",""image_quality"":{""good"":true,""frontal"":true,""good_illumination"":true}}"
3.jpg,136543,"{""caption"":"""",""public_domain"":""no"",""image_url"":""""}",31,24,"{""name"":""rect"",""x"":1107,""y"":632,""width"":50,""height"":43}","{""name"":""date"",""type"":""25"",""image_quality"":{""good"":true,""frontal"":true,""good_illumination"":true}}"
3.jpg,136543,"{""caption"":"""",""public_domain"":""no"",""image_url"":""""}",31,25,"{""name"":""rect"",""x"":64,""y"":770,""width"":48,""height"":37}","{""name"":""date"",""type"":""26"",""image_quality"":{""good"":true,""frontal"":true,""good_illumination"":true}}"
3.jpg,136543,"{""caption"":"""",""public_domain"":""no"",""image_url"":""""}",31,26,"{""name"":""rect"",""x"":238,""y"":769,""width"":44,""height"":38}","{""name"":""date"",""type"":""27"",""image_quality"":{""good"":true,""frontal"":true,""good_illumination"":true}}"
3.jpg,136543,"{""caption"":"""",""public_domain"":""no"",""image_url"":""""}",31,27,"{""name"":""rect"",""x"":412,""y"":769,""width"":45,""height"":38}","{""name"":""date"",""type"":""28"",""image_quality"":{""good"":true,""frontal"":true,""good_illumination"":true}}"
3.jpg,136543,"{""caption"":"""",""public_domain"":""no"",""image_url"":""""}",31,28,"{""name"":""rect"",""x"":586,""y"":767,""width"":46,""height"":41}","{""name"":""date"",""type"":""29"",""image_quality"":{""good"":true,""frontal"":true,""good_illumination"":true}}"
3.jpg,136543,"{""caption"":"""",""public_domain"":""no"",""image_url"":""""}",31,29,"{""name"":""rect"",""x"":760,""y"":767,""width"":45,""height"":42}","{""name"":""date"",""type"":""30"",""image_quality"":{""good"":true,""frontal"":true,""good_illumination"":true}}"
3.jpg,136543,"{""caption"":"""",""public_domain"":""no"",""image_url"":""""}",31,30,"{""name"":""rect"",""x"":934,""y"":767,""width"":45,""height"":42}","{""name"":""date"",""type"":""31"",""image_quality"":{""good"":true,""frontal"":true,""good_illumination"":true}}"
4.jpg,35284,"{""caption"":"""",""public_domain"":""no"",""image_url"":""""}",31,0,"{""name"":""rect"",""x"":276,""y"":64,""width"":17,""height"":25}","{""name"":""date"",""type"":""1"",""image_quality"":{""good"":true,""frontal"":true,""good_illumination"":true}}"
4.jpg,35284,"{""caption"":"""",""public_domain"":""no"",""image_url"":""""}",31,1,"{""name"":""rect"",""x"":357,""y"":65,""width"":18,""height"":23}","{""name"":""date"",""type"":""2"",""image_quality"":{""good"":true,""frontal"":true,""good_illumination"":true}}"
4.jpg,35284,"{""caption"":"""",""public_domain"":""no"",""image_url"":""""}",31,2,"{""name"":""rect"",""x"":439,""y"":66,""width"":17,""height"":23}","{""name"":""date"",""type"":""3"",""image_quality"":{""good"":true,""frontal"":true,""good_illumination"":true}}"
4.jpg,35284,"{""caption"":"""",""public_domain"":""no"",""image_url"":""""}",31,3,"{""name"":""rect"",""x"":519,""y"":66,""width"":19,""height"":24}","{""name"":""date"",""type"":""4"",""image_quality"":{""good"":true,""frontal"":true,""good_illumination"":true}}"
4.jpg,35284,"{""caption"":"""",""public_domain"":""no"",""image_url"":""""}",31,4,"{""name"":""rect"",""x"":32,""y"":120,""width"":19,""height"":25}","{""name"":""date"",""type"":""5"",""image_quality"":{""good"":true,""frontal"":true,""good_illumination"":true}}"
4.jpg,35284,"{""caption"":"""",""public_domain"":""no"",""image_url"":""""}",31,5,"{""name"":""rect"",""x"":114,""y"":122,""width"":17,""height"":22}","{""name"":""date"",""type"":""6"",""image_quality"":{""good"":true,""frontal"":true,""good_illumination"":true}}"
4.jpg,35284,"{""caption"":"""",""public_domain"":""no"",""image_url"":""""}",31,6,"{""name"":""rect"",""x"":195,""y"":121,""width"":17,""height"":23}","{""name"":""date"",""type"":""7"",""image_quality"":{""good"":true,""frontal"":true,""good_illumination"":true}}"
4.jpg,35284,"{""caption"":"""",""public_domain"":""no"",""image_url"":""""}",31,7,"{""name"":""rect"",""x"":276,""y"":121,""width"":18,""height"":24}","{""name"":""date"",""type"":""8"",""image_quality"":{""good"":true,""frontal"":true,""good_illumination"":true}}"
4.jpg,35284,"{""caption"":"""",""public_domain"":""no"",""image_url"":""""}",31,8,"{""name"":""rect"",""x"":357,""y"":121,""width"":17,""height"":24}","{""name"":""date"",""type"":""9"",""image_quality"":{""good"":true,""frontal"":true,""good_illumination"":true}}"
4.jpg,35284,"{""caption"":"""",""public_domain"":""no"",""image_url"":""""}",31,9,"{""name"":""rect"",""x"":432,""y"":119,""width"":31,""height"":25}","{""name"":""date"",""type"":""10"",""image_quality"":{""good"":true,""frontal"":true,""good_illumination"":true}}"
4.jpg,35284,"{""caption"":"""",""public_domain"":""no"",""image_url"":""""}",31,10,"{""name"":""rect"",""x"":513,""y"":120,""width"":28,""height"":25}","{""name"":""date"",""type"":""11"",""image_quality"":{""good"":true,""frontal"":true,""good_illumination"":true}}"
4.jpg,35284,"{""caption"":"""",""public_domain"":""no"",""image_url"":""""}",31,11,"{""name"":""rect"",""x"":27,""y"":177,""width"":30,""height"":23}","{""name"":""date"",""type"":""12"",""image_quality"":{""good"":true,""frontal"":true,""good_illumination"":true}}"
4.jpg,35284,"{""caption"":"""",""public_domain"":""no"",""image_url"":""""}",31,12,"{""name"":""rect"",""x"":109,""y"":178,""width"":28,""height"":21}","{""name"":""date"",""type"":""13"",""image_quality"":{""good"":true,""frontal"":true,""good_illumination"":true}}"
4.jpg,35284,"{""caption"":"""",""public_domain"":""no"",""image_url"":""""}",31,13,"{""name"":""rect"",""x"":190,""y"":176,""width"":29,""height"":25}","{""name"":""date"",""type"":""14"",""image_quality"":{""good"":true,""frontal"":true,""good_illumination"":true}}"
4.jpg,35284,"{""caption"":"""",""public_domain"":""no"",""image_url"":""""}",31,14,"{""name"":""rect"",""x"":271,""y"":177,""width"":30,""height"":23}","{""name"":""date"",""type"":""15"",""image_quality"":{""good"":true,""frontal"":true,""good_illumination"":true}}"
4.jpg,35284,"{""caption"":"""",""public_domain"":""no"",""image_url"":""""}",31,15,"{""name"":""rect"",""x"":352,""y"":177,""width"":29,""height"":23}","{""name"":""date"",""type"":""16"",""image_quality"":{""good"":true,""frontal"":true,""good_illumination"":true}}"
4.jpg,35284,"{""caption"":"""",""public_domain"":""no"",""image_url"":""""}",31,16,"{""name"":""rect"",""x"":434,""y"":176,""width"":28,""height"":24}","{""name"":""date"",""type"":""17"",""image_quality"":{""good"":true,""frontal"":true,""good_illumination"":true}}"
4.jpg,35284,"{""caption"":"""",""public_domain"":""no"",""image_url"":""""}",31,17,"{""name"":""rect"",""x"":514,""y"":176,""width"":29,""height"":25}","{""name"":""date"",""type"":""18"",""image_quality"":{""good"":true,""frontal"":true,""good_illumination"":true}}"
4.jpg,35284,"{""caption"":"""",""public_domain"":""no"",""image_url"":""""}",31,18,"{""name"":""rect"",""x"":28,""y"":233,""width"":29,""height"":24}","{""name"":""date"",""type"":""19"",""image_quality"":{""good"":true,""frontal"":true,""good_illumination"":true}}"
4.jpg,35284,"{""caption"":"""",""public_domain"":""no"",""image_url"":""""}",31,19,"{""name"":""rect"",""x"":108,""y"":232,""width"":30,""height"":25}","{""name"":""date"",""type"":""20"",""image_quality"":{""good"":true,""frontal"":true,""good_illumination"":true}}"
4.jpg,35284,"{""caption"":"""",""public_domain"":""no"",""image_url"":""""}",31,20,"{""name"":""rect"",""x"":188,""y"":232,""width"":29,""height"":24}","{""name"":""date"",""type"":""21"",""image_quality"":{""good"":true,""frontal"":true,""good_illumination"":true}}"
4.jpg,35284,"{""caption"":"""",""public_domain"":""no"",""image_url"":""""}",31,21,"{""name"":""rect"",""x"":270,""y"":232,""width"":30,""height"":25}","{""name"":""date"",""type"":""22"",""image_quality"":{""good"":true,""frontal"":true,""good_illumination"":true}}"
4.jpg,35284,"{""caption"":"""",""public_domain"":""no"",""image_url"":""""}",31,22,"{""name"":""rect"",""x"":351,""y"":233,""width"":28,""height"":24}","{""name"":""date"",""type"":""23"",""image_quality"":{""good"":true,""frontal"":true,""good_illumination"":true}}"
4.jpg,35284,"{""caption"":"""",""public_domain"":""no"",""image_url"":""""}",31,23,"{""name"":""rect"",""x"":432,""y"":232,""width"":30,""height"":25}","{""name"":""date"",""type"":""24"",""image_quality"":{""good"":true,""frontal"":true,""good_illumination"":true}}"
4.jpg,35284,"{""caption"":"""",""public_domain"":""no"",""image_url"":""""}",31,24,"{""name"":""rect"",""x"":513,""y"":231,""width"":30,""height"":25}","{""name"":""date"",""type"":""25"",""image_quality"":{""good"":true,""frontal"":true,""good_illumination"":true}}"
4.jpg,35284,"{""caption"":"""",""public_domain"":""no"",""image_url"":""""}",31,25,"{""name"":""rect"",""x"":28,""y"":289,""width"":29,""height"":24}","{""name"":""date"",""type"":""26"",""image_quality"":{""good"":true,""frontal"":true,""good_illumination"":true}}"
4.jpg,35284,"{""caption"":"""",""public_domain"":""no"",""image_url"":""""}",31,26,"{""name"":""rect"",""x"":108,""y"":288,""width"":29,""height"":25}","{""name"":""date"",""type"":""27"",""image_quality"":{""good"":true,""frontal"":true,""good_illumination"":true}}"
4.jpg,35284,"{""caption"":"""",""public_domain"":""no"",""image_url"":""""}",31,27,"{""name"":""rect"",""x"":189,""y"":289,""width"":30,""height"":24}","{""name"":""date"",""type"":""28"",""image_quality"":{""good"":true,""frontal"":true,""good_illumination"":true}}"
4.jpg,35284,"{""caption"":"""",""public_domain"":""no"",""image_url"":""""}",31,28,"{""name"":""rect"",""x"":271,""y"":288,""width"":28,""height"":25}","{""name"":""date"",""type"":""29"",""image_quality"":{""good"":true,""frontal"":true,""good_illumination"":true}}"
4.jpg,35284,"{""caption"":"""",""public_domain"":""no"",""image_url"":""""}",31,29,"{""name"":""rect"",""x"":352,""y"":288,""width"":28,""height"":23}","{""name"":""date"",""type"":""30"",""image_quality"":{""good"":true,""frontal"":true,""good_illumination"":true}}"
4.jpg,35284,"{""caption"":"""",""public_domain"":""no"",""image_url"":""""}",31,30,"{""name"":""rect"",""x"":433,""y"":289,""width"":27,""height"":24}","{""name"":""date"",""type"":""31"",""image_quality"":{""good"":true,""frontal"":true,""good_illumination"":true}}"
5.jpg,92102,"{""caption"":"""",""public_domain"":""no"",""image_url"":""""}",31,0,"{""name"":""rect"",""x"":338,""y"":79,""width"":17,""height"":21}","{""name"":""date"",""type"":""1"",""image_quality"":{""good"":true,""frontal"":true,""good_illumination"":true}}"
5.jpg,92102,"{""caption"":"""",""public_domain"":""no"",""image_url"":""""}",31,1,"{""name"":""rect"",""x"":415,""y"":79,""width"":20,""height"":22}","{""name"":""date"",""type"":""2"",""image_quality"":{""good"":true,""frontal"":true,""good_illumination"":true}}"
5.jpg,92102,"{""caption"":"""",""public_domain"":""no"",""image_url"":""""}",31,2,"{""name"":""rect"",""x"":493,""y"":78,""width"":17,""height"":22}","{""name"":""date"",""type"":""3"",""image_quality"":{""good"":true,""frontal"":true,""good_illumination"":true}}"
5.jpg,92102,"{""caption"":"""",""public_domain"":""no"",""image_url"":""""}",31,3,"{""name"":""rect"",""x"":30,""y"":129,""width"":19,""height"":23}","{""name"":""date"",""type"":""4"",""image_quality"":{""good"":true,""frontal"":true,""good_illumination"":true}}"
5.jpg,92102,"{""caption"":"""",""public_domain"":""no"",""image_url"":""""}",31,4,"{""name"":""rect"",""x"":108,""y"":129,""width"":18,""height"":23}","{""name"":""date"",""type"":""5"",""image_quality"":{""good"":true,""frontal"":true,""good_illumination"":true}}"
5.jpg,92102,"{""caption"":"""",""public_domain"":""no"",""image_url"":""""}",31,5,"{""name"":""rect"",""x"":184,""y"":130,""width"":17,""height"":22}","{""name"":""date"",""type"":""6"",""image_quality"":{""good"":true,""frontal"":true,""good_illumination"":true}}"
5.jpg,92102,"{""caption"":"""",""public_domain"":""no"",""image_url"":""""}",31,6,"{""name"":""rect"",""x"":262,""y"":129,""width"":17,""height"":22}","{""name"":""date"",""type"":""7"",""image_quality"":{""good"":true,""frontal"":true,""good_illumination"":true}}"
5.jpg,92102,"{""caption"":"""",""public_domain"":""no"",""image_url"":""""}",31,7,"{""name"":""rect"",""x"":339,""y"":129,""width"":18,""height"":22}","{""name"":""date"",""type"":""8"",""image_quality"":{""good"":true,""frontal"":true,""good_illumination"":true}}"
5.jpg,92102,"{""caption"":"""",""public_domain"":""no"",""image_url"":""""}",31,8,"{""name"":""rect"",""x"":416,""y"":130,""width"":17,""height"":21}","{""name"":""date"",""type"":""9"",""image_quality"":{""good"":true,""frontal"":true,""good_illumination"":true}}"
5.jpg,92102,"{""caption"":"""",""public_domain"":""no"",""image_url"":""""}",31,9,"{""name"":""rect"",""x"":488,""y"":128,""width"":27,""height"":25}","{""name"":""date"",""type"":""10"",""image_quality"":{""good"":true,""frontal"":true,""good_illumination"":true}}"
5.jpg,92102,"{""caption"":"""",""public_domain"":""no"",""image_url"":""""}",31,10,"{""name"":""rect"",""x"":26,""y"":179,""width"":24,""height"":23}","{""name"":""date"",""type"":""11"",""image_quality"":{""good"":true,""frontal"":true,""good_illumination"":true}}"
5.jpg,92102,"{""caption"":"""",""public_domain"":""no"",""image_url"":""""}",31,11,"{""name"":""rect"",""x"":103,""y"":180,""width"":28,""height"":23}","{""name"":""date"",""type"":""12"",""image_quality"":{""good"":true,""frontal"":true,""good_illumination"":true}}"
5.jpg,92102,"{""caption"":"""",""public_domain"":""no"",""image_url"":""""}",31,12,"{""name"":""rect"",""x"":179,""y"":179,""width"":28,""height"":24}","{""name"":""date"",""type"":""13"",""image_quality"":{""good"":true,""frontal"":true,""good_illumination"":true}}"
5.jpg,92102,"{""caption"":"""",""public_domain"":""no"",""image_url"":""""}",31,13,"{""name"":""rect"",""x"":257,""y"":179,""width"":27,""height"":25}","{""name"":""date"",""type"":""14"",""image_quality"":{""good"":true,""frontal"":true,""good_illumination"":true}}"
5.jpg,92102,"{""caption"":"""",""public_domain"":""no"",""image_url"":""""}",31,14,"{""name"":""rect"",""x"":333,""y"":179,""width"":28,""height"":23}","{""name"":""date"",""type"":""15"",""image_quality"":{""good"":true,""frontal"":true,""good_illumination"":true}}"
5.jpg,92102,"{""caption"":"""",""public_domain"":""no"",""image_url"":""""}",31,15,"{""name"":""rect"",""x"":411,""y"":180,""width"":27,""height"":22}","{""name"":""date"",""type"":""16"",""image_quality"":{""good"":true,""frontal"":true,""good_illumination"":true}}"
5.jpg,92102,"{""caption"":"""",""public_domain"":""no"",""image_url"":""""}",31,16,"{""name"":""rect"",""x"":486,""y"":179,""width"":29,""height"":23}","{""name"":""date"",""type"":""17"",""image_quality"":{""good"":true,""frontal"":true,""good_illumination"":true}}"
5.jpg,92102,"{""caption"":"""",""public_domain"":""no"",""image_url"":""""}",31,17,"{""name"":""rect"",""x"":25,""y"":230,""width"":28,""height"":23}","{""name"":""date"",""type"":""18"",""image_quality"":{""good"":true,""frontal"":true,""good_illumination"":true}}"
5.jpg,92102,"{""caption"":"""",""public_domain"":""no"",""image_url"":""""}",31,18,"{""name"":""rect"",""x"":102,""y"":230,""width"":29,""height"":23}","{""name"":""date"",""type"":""19"",""image_quality"":{""good"":true,""frontal"":true,""good_illumination"":true}}"
5.jpg,92102,"{""caption"":"""",""public_domain"":""no"",""image_url"":""""}",31,19,"{""name"":""rect"",""x"":179,""y"":231,""width"":28,""height"":23}","{""name"":""date"",""type"":""20"",""image_quality"":{""good"":true,""frontal"":true,""good_illumination"":true}}"
5.jpg,92102,"{""caption"":"""",""public_domain"":""no"",""image_url"":""""}",31,20,"{""name"":""rect"",""x"":256,""y"":231,""width"":27,""height"":24}","{""name"":""date"",""type"":""21"",""image_quality"":{""good"":true,""frontal"":true,""good_illumination"":true}}"
5.jpg,92102,"{""caption"":"""",""public_domain"":""no"",""image_url"":""""}",31,21,"{""name"":""rect"",""x"":332,""y"":231,""width"":30,""height"":23}","{""name"":""date"",""type"":""22"",""image_quality"":{""good"":true,""frontal"":true,""good_illumination"":true}}"
5.jpg,92102,"{""caption"":"""",""public_domain"":""no"",""image_url"":""""}",31,22,"{""name"":""rect"",""x"":411,""y"":231,""width"":27,""height"":23}","{""name"":""date"",""type"":""23"",""image_quality"":{""good"":true,""frontal"":true,""good_illumination"":true}}"
5.jpg,92102,"{""caption"":"""",""public_domain"":""no"",""image_url"":""""}",31,23,"{""name"":""rect"",""x"":488,""y"":231,""width"":27,""height"":23}","{""name"":""date"",""type"":""24"",""image_quality"":{""good"":true,""frontal"":true,""good_illumination"":true}}"
5.jpg,92102,"{""caption"":"""",""public_domain"":""no"",""image_url"":""""}",31,24,"{""name"":""rect"",""x"":25,""y"":282,""width"":28,""height"":24}","{""name"":""date"",""type"":""25"",""image_quality"":{""good"":true,""frontal"":true,""good_illumination"":true}}"
5.jpg,92102,"{""caption"":"""",""public_domain"":""no"",""image_url"":""""}",31,25,"{""name"":""rect"",""x"":103,""y"":282,""width"":27,""height"":23}","{""name"":""date"",""type"":""26"",""image_quality"":{""good"":true,""frontal"":true,""good_illumination"":true}}"
5.jpg,92102,"{""caption"":"""",""public_domain"":""no"",""image_url"":""""}",31,26,"{""name"":""rect"",""x"":180,""y"":282,""width"":27,""height"":22}","{""name"":""date"",""type"":""27"",""image_quality"":{""good"":true,""frontal"":true,""good_illumination"":true}}"
5.jpg,92102,"{""caption"":"""",""public_domain"":""no"",""image_url"":""""}",31,27,"{""name"":""rect"",""x"":256,""y"":281,""width"":28,""height"":23}","{""name"":""date"",""type"":""28"",""image_quality"":{""good"":true,""frontal"":true,""good_illumination"":true}}"
5.jpg,92102,"{""caption"":"""",""public_domain"":""no"",""image_url"":""""}",31,28,"{""name"":""rect"",""x"":333,""y"":282,""width"":28,""height"":23}","{""name"":""date"",""type"":""29"",""image_quality"":{""good"":true,""frontal"":true,""good_illumination"":true}}"
5.jpg,92102,"{""caption"":"""",""public_domain"":""no"",""image_url"":""""}",31,29,"{""name"":""rect"",""x"":412,""y"":281,""width"":27,""height"":24}","{""name"":""date"",""type"":""30"",""image_quality"":{""good"":true,""frontal"":true,""good_illumination"":true}}"
5.jpg,92102,"{""caption"":"""",""public_domain"":""no"",""image_url"":""""}",31,30,"{""name"":""rect"",""x"":489,""y"":282,""width"":24,""height"":24}","{""name"":""date"",""type"":""31"",""image_quality"":{""good"":true,""frontal"":true,""good_illumination"":true}}"
6.jpg,33835,"{""caption"":"""",""public_domain"":""no"",""image_url"":""""}",31,0,"{""name"":""rect"",""x"":52,""y"":68,""width"":15,""height"":22}","{""name"":""date"",""type"":""1"",""image_quality"":{""good"":true,""frontal"":true,""good_illumination"":true}}"
6.jpg,33835,"{""caption"":"""",""public_domain"":""no"",""image_url"":""""}",31,1,"{""name"":""rect"",""x"":122,""y"":68,""width"":18,""height"":22}","{""name"":""date"",""type"":""2"",""image_quality"":{""good"":true,""frontal"":true,""good_illumination"":true}}"
6.jpg,33835,"{""caption"":"""",""public_domain"":""no"",""image_url"":""""}",31,2,"{""name"":""rect"",""x"":197,""y"":69,""width"":15,""height"":22}","{""name"":""date"",""type"":""3"",""image_quality"":{""good"":true,""frontal"":true,""good_illumination"":true}}"
6.jpg,33835,"{""caption"":"""",""public_domain"":""no"",""image_url"":""""}",31,3,"{""name"":""rect"",""x"":268,""y"":67,""width"":17,""height"":24}","{""name"":""date"",""type"":""4"",""image_quality"":{""good"":true,""frontal"":true,""good_illumination"":true}}"
6.jpg,33835,"{""caption"":"""",""public_domain"":""no"",""image_url"":""""}",31,4,"{""name"":""rect"",""x"":342,""y"":68,""width"":16,""height"":22}","{""name"":""date"",""type"":""5"",""image_quality"":{""good"":true,""frontal"":true,""good_illumination"":true}}"
6.jpg,33835,"{""caption"":"""",""public_domain"":""no"",""image_url"":""""}",31,5,"{""name"":""rect"",""x"":414,""y"":67,""width"":16,""height"":23}","{""name"":""date"",""type"":""6"",""image_quality"":{""good"":true,""frontal"":true,""good_illumination"":true}}"
6.jpg,33835,"{""caption"":"""",""public_domain"":""no"",""image_url"":""""}",31,6,"{""name"":""rect"",""x"":486,""y"":68,""width"":15,""height"":21}","{""name"":""date"",""type"":""7"",""image_quality"":{""good"":true,""frontal"":true,""good_illumination"":true}}"
6.jpg,33835,"{""caption"":"""",""public_domain"":""no"",""image_url"":""""}",31,7,"{""name"":""rect"",""x"":51,""y"":132,""width"":17,""height"":22}","{""name"":""date"",""type"":""8"",""image_quality"":{""good"":true,""frontal"":true,""good_illumination"":true}}"
6.jpg,33835,"{""caption"":"""",""public_domain"":""no"",""image_url"":""""}",31,8,"{""name"":""rect"",""x"":123,""y"":131,""width"":18,""height"":22}","{""name"":""date"",""type"":""9"",""image_quality"":{""good"":true,""frontal"":true,""good_illumination"":true}}"
6.jpg,33835,"{""caption"":"""",""public_domain"":""no"",""image_url"":""""}",31,9,"{""name"":""rect"",""x"":185,""y"":131,""width"":28,""height"":23}","{""name"":""date"",""type"":""10"",""image_quality"":{""good"":true,""frontal"":true,""good_illumination"":true}}"
6.jpg,33835,"{""caption"":"""",""public_domain"":""no"",""image_url"":""""}",31,10,"{""name"":""rect"",""x"":256,""y"":131,""width"":27,""height"":24}","{""name"":""date"",""type"":""11"",""image_quality"":{""good"":true,""frontal"":true,""good_illumination"":true}}"
6.jpg,33835,"{""caption"":"""",""public_domain"":""no"",""image_url"":""""}",31,11,"{""name"":""rect"",""x"":330,""y"":130,""width"":27,""height"":24}","{""name"":""date"",""type"":""12"",""image_quality"":{""good"":true,""frontal"":true,""good_illumination"":true}}"
6.jpg,33835,"{""caption"":"""",""public_domain"":""no"",""image_url"":""""}",31,12,"{""name"":""rect"",""x"":402,""y"":131,""width"":28,""height"":24}","{""name"":""date"",""type"":""13"",""image_quality"":{""good"":true,""frontal"":true,""good_illumination"":true}}"
6.jpg,33835,"{""caption"":"""",""public_domain"":""no"",""image_url"":""""}",31,13,"{""name"":""rect"",""x"":475,""y"":130,""width"":28,""height"":25}","{""name"":""date"",""type"":""14"",""image_quality"":{""good"":true,""frontal"":true,""good_illumination"":true}}"
6.jpg,33835,"{""caption"":"""",""public_domain"":""no"",""image_url"":""""}",31,14,"{""name"":""rect"",""x"":40,""y"":193,""width"":28,""height"":25}","{""name"":""date"",""type"":""15"",""image_quality"":{""good"":true,""frontal"":true,""good_illumination"":true}}"
6.jpg,33835,"{""caption"":"""",""public_domain"":""no"",""image_url"":""""}",31,15,"{""name"":""rect"",""x"":112,""y"":194,""width"":27,""height"":23}","{""name"":""date"",""type"":""16"",""image_quality"":{""good"":true,""frontal"":true,""good_illumination"":true}}"
6.jpg,33835,"{""caption"":"""",""public_domain"":""no"",""image_url"":""""}",31,16,"{""name"":""rect"",""x"":185,""y"":194,""width"":26,""height"":23}","{""name"":""date"",""type"":""17"",""image_quality"":{""good"":true,""frontal"":true,""good_illumination"":true}}"
6.jpg,33835,"{""caption"":"""",""public_domain"":""no"",""image_url"":""""}",31,17,"{""name"":""rect"",""x"":257,""y"":194,""width"":27,""height"":23}","{""name"":""date"",""type"":""18"",""image_quality"":{""good"":true,""frontal"":true,""good_illumination"":true}}"
6.jpg,33835,"{""caption"":"""",""public_domain"":""no"",""image_url"":""""}",31,18,"{""name"":""rect"",""x"":330,""y"":193,""width"":27,""height"":24}","{""name"":""date"",""type"":""19"",""image_quality"":{""good"":true,""frontal"":true,""good_illumination"":true}}"
6.jpg,33835,"{""caption"":"""",""public_domain"":""no"",""image_url"":""""}",31,19,"{""name"":""rect"",""x"":399,""y"":193,""width"":30,""height"":25}","{""name"":""date"",""type"":""20"",""image_quality"":{""good"":true,""frontal"":true,""good_illumination"":true}}"
6.jpg,33835,"{""caption"":"""",""public_domain"":""no"",""image_url"":""""}",31,20,"{""name"":""rect"",""x"":473,""y"":193,""width"":27,""height"":24}","{""name"":""date"",""type"":""21"",""image_quality"":{""good"":true,""frontal"":true,""good_illumination"":true}}"
6.jpg,33835,"{""caption"":"""",""public_domain"":""no"",""image_url"":""""}",31,21,"{""name"":""rect"",""x"":39,""y"":256,""width"":29,""height"":24}","{""name"":""date"",""type"":""22"",""image_quality"":{""good"":true,""frontal"":true,""good_illumination"":true}}"
6.jpg,33835,"{""caption"":"""",""public_domain"":""no"",""image_url"":""""}",31,22,"{""name"":""rect"",""x"":110,""y"":257,""width"":29,""height"":24}","{""name"":""date"",""type"":""23"",""image_quality"":{""good"":true,""frontal"":true,""good_illumination"":true}}"
6.jpg,33835,"{""caption"":"""",""public_domain"":""no"",""image_url"":""""}",31,23,"{""name"":""rect"",""x"":184,""y"":256,""width"":29,""height"":24}","{""name"":""date"",""type"":""24"",""image_quality"":{""good"":true,""frontal"":true,""good_illumination"":true}}"
6.jpg,33835,"{""caption"":"""",""public_domain"":""no"",""image_url"":""""}",31,24,"{""name"":""rect"",""x"":256,""y"":256,""width"":28,""height"":24}","{""name"":""date"",""type"":""25"",""image_quality"":{""good"":true,""frontal"":true,""good_illumination"":true}}"
6.jpg,33835,"{""caption"":"""",""public_domain"":""no"",""image_url"":""""}",31,25,"{""name"":""rect"",""x"":329,""y"":256,""width"":28,""height"":24}","{""name"":""date"",""type"":""26"",""image_quality"":{""good"":true,""frontal"":true,""good_illumination"":true}}"
6.jpg,33835,"{""caption"":"""",""public_domain"":""no"",""image_url"":""""}",31,26,"{""name"":""rect"",""x"":400,""y"":256,""width"":29,""height"":23}","{""name"":""date"",""type"":""27"",""image_quality"":{""good"":true,""frontal"":true,""good_illumination"":true}}"
6.jpg,33835,"{""caption"":"""",""public_domain"":""no"",""image_url"":""""}",31,27,"{""name"":""rect"",""x"":474,""y"":256,""width"":29,""height"":25}","{""name"":""date"",""type"":""28"",""image_quality"":{""good"":true,""frontal"":true,""good_illumination"":true}}"
6.jpg,33835,"{""caption"":"""",""public_domain"":""no"",""image_url"":""""}",31,28,"{""name"":""rect"",""x"":38,""y"":319,""width"":28,""height"":25}","{""name"":""date"",""type"":""29"",""image_quality"":{""good"":true,""frontal"":true,""good_illumination"":true}}"
6.jpg,33835,"{""caption"":"""",""public_domain"":""no"",""image_url"":""""}",31,29,"{""name"":""rect"",""x"":111,""y"":320,""width"":28,""height"":23}","{""name"":""date"",""type"":""30"",""image_quality"":{""good"":true,""frontal"":true,""good_illumination"":true}}"
6.jpg,33835,"{""caption"":"""",""public_domain"":""no"",""image_url"":""""}",31,30,"{""name"":""rect"",""x"":183,""y"":319,""width"":28,""height"":25}","{""name"":""date"",""type"":""31"",""image_quality"":{""good"":true,""frontal"":true,""good_illumination"":true}}"
sample.png,25372,"{""caption"":"""",""public_domain"":""no"",""image_url"":""""}",31,0,"{""name"":""rect"",""x"":406,""y"":33,""width"":23,""height"":34}","{""name"":""date"",""type"":""1"",""image_quality"":{""good"":true,""frontal"":true,""good_illumination"":true}}"
sample.png,25372,"{""caption"":"""",""public_domain"":""no"",""image_url"":""""}",31,1,"{""name"":""rect"",""x"":485,""y"":34,""width"":24,""height"":33}","{""name"":""date"",""type"":""2"",""image_quality"":{""good"":true,""frontal"":true,""good_illumination"":true}}"
sample.png,25372,"{""caption"":"""",""public_domain"":""no"",""image_url"":""""}",31,2,"{""name"":""rect"",""x"":569,""y"":33,""width"":24,""height"":33}","{""name"":""date"",""type"":""3"",""image_quality"":{""good"":true,""frontal"":true,""good_illumination"":true}}"
sample.png,25372,"{""caption"":"""",""public_domain"":""no"",""image_url"":""""}",31,3,"{""name"":""rect"",""x"":51,""y"":91,""width"":30,""height"":35}","{""name"":""date"",""type"":""4"",""image_quality"":{""good"":true,""frontal"":true,""good_illumination"":true}}"
sample.png,25372,"{""caption"":"""",""public_domain"":""no"",""image_url"":""""}",31,4,"{""name"":""rect"",""x"":145,""y"":91,""width"":27,""height"":34}","{""name"":""date"",""type"":""5"",""image_quality"":{""good"":true,""frontal"":true,""good_illumination"":true}}"
sample.png,25372,"{""caption"":"""",""public_domain"":""no"",""image_url"":""""}",31,5,"{""name"":""rect"",""x"":225,""y"":91,""width"":29,""height"":35}","{""name"":""date"",""type"":""6"",""image_quality"":{""good"":true,""frontal"":true,""good_illumination"":true}}"
sample.png,25372,"{""caption"":"""",""public_domain"":""no"",""image_url"":""""}",31,6,"{""name"":""rect"",""x"":320,""y"":91,""width"":28,""height"":34}","{""name"":""date"",""type"":""7"",""image_quality"":{""good"":true,""frontal"":true,""good_illumination"":true}}"
sample.png,25372,"{""caption"":"""",""public_domain"":""no"",""image_url"":""""}",31,7,"{""name"":""rect"",""x"":403,""y"":91,""width"":28,""height"":34}","{""name"":""date"",""type"":""8"",""image_quality"":{""good"":true,""frontal"":true,""good_illumination"":true}}"
sample.png,25372,"{""caption"":"""",""public_domain"":""no"",""image_url"":""""}",31,8,"{""name"":""rect"",""x"":483,""y"":91,""width"":28,""height"":35}","{""name"":""date"",""type"":""9"",""image_quality"":{""good"":true,""frontal"":true,""good_illumination"":true}}"
sample.png,25372,"{""caption"":"""",""public_domain"":""no"",""image_url"":""""}",31,9,"{""name"":""rect"",""x"":551,""y"":88,""width"":42,""height"":37}","{""name"":""date"",""type"":""10"",""image_quality"":{""good"":true,""frontal"":true,""good_illumination"":true}}"
sample.png,25372,"{""caption"":"""",""public_domain"":""no"",""image_url"":""""}",31,10,"{""name"":""rect"",""x"":37,""y"":148,""width"":41,""height"":36}","{""name"":""date"",""type"":""11"",""image_quality"":{""good"":true,""frontal"":true,""good_illumination"":true}}"
sample.png,25372,"{""caption"":"""",""public_domain"":""no"",""image_url"":""""}",31,11,"{""name"":""rect"",""x"":129,""y"":147,""width"":43,""height"":37}","{""name"":""date"",""type"":""12"",""image_quality"":{""good"":true,""frontal"":true,""good_illumination"":true}}"
sample.png,25372,"{""caption"":"""",""public_domain"":""no"",""image_url"":""""}",31,12,"{""name"":""rect"",""x"":209,""y"":147,""width"":41,""height"":35}","{""name"":""date"",""type"":""13"",""image_quality"":{""good"":true,""frontal"":true,""good_illumination"":true}}"
sample.png,25372,"{""caption"":"""",""public_domain"":""no"",""image_url"":""""}",31,13,"{""name"":""rect"",""x"":305,""y"":147,""width"":44,""height"":37}","{""name"":""date"",""type"":""14"",""image_quality"":{""good"":true,""frontal"":true,""good_illumination"":true}}"
sample.png,25372,"{""caption"":"""",""public_domain"":""no"",""image_url"":""""}",31,14,"{""name"":""rect"",""x"":387,""y"":147,""width"":41,""height"":36}","{""name"":""date"",""type"":""15"",""image_quality"":{""good"":true,""frontal"":true,""good_illumination"":true}}"
sample.png,25372,"{""caption"":"""",""public_domain"":""no"",""image_url"":""""}",31,15,"{""name"":""rect"",""x"":467,""y"":146,""width"":42,""height"":37}","{""name"":""date"",""type"":""16"",""image_quality"":{""good"":true,""frontal"":true,""good_illumination"":true}}"
sample.png,25372,"{""caption"":"""",""public_domain"":""no"",""image_url"":""""}",31,16,"{""name"":""rect"",""x"":551,""y"":147,""width"":42,""height"":36}","{""name"":""date"",""type"":""17"",""image_quality"":{""good"":true,""frontal"":true,""good_illumination"":true}}"
sample.png,25372,"{""caption"":"""",""public_domain"":""no"",""image_url"":""""}",31,17,"{""name"":""rect"",""x"":35,""y"":205,""width"":44,""height"":35}","{""name"":""date"",""type"":""18"",""image_quality"":{""good"":true,""frontal"":true,""good_illumination"":true}}"
sample.png,25372,"{""caption"":"""",""public_domain"":""no"",""image_url"":""""}",31,18,"{""name"":""rect"",""x"":127,""y"":205,""width"":43,""height"":37}","{""name"":""date"",""type"":""19"",""image_quality"":{""good"":true,""frontal"":true,""good_illumination"":true}}"
sample.png,25372,"{""caption"":"""",""public_domain"":""no"",""image_url"":""""}",31,19,"{""name"":""rect"",""x"":205,""y"":205,""width"":45,""height"":35}","{""name"":""date"",""type"":""20"",""image_quality"":{""good"":true,""frontal"":true,""good_illumination"":true}}"
sample.png,25372,"{""caption"":"""",""public_domain"":""no"",""image_url"":""""}",31,20,"{""name"":""rect"",""x"":303,""y"":204,""width"":43,""height"":39}","{""name"":""date"",""type"":""21"",""image_quality"":{""good"":true,""frontal"":true,""good_illumination"":true}}"
sample.png,25372,"{""caption"":"""",""public_domain"":""no"",""image_url"":""""}",31,21,"{""name"":""rect"",""x"":385,""y"":205,""width"":45,""height"":36}","{""name"":""date"",""type"":""22"",""image_quality"":{""good"":true,""frontal"":true,""good_illumination"":true}}"
sample.png,25372,"{""caption"":"""",""public_domain"":""no"",""image_url"":""""}",31,22,"{""name"":""rect"",""x"":465,""y"":204,""width"":43,""height"":39}","{""name"":""date"",""type"":""23"",""image_quality"":{""good"":true,""frontal"":true,""good_illumination"":true}}"
sample.png,25372,"{""caption"":"""",""public_domain"":""no"",""image_url"":""""}",31,23,"{""name"":""rect"",""x"":549,""y"":205,""width"":43,""height"":35}","{""name"":""date"",""type"":""24"",""image_quality"":{""good"":true,""frontal"":true,""good_illumination"":true}}"
sample.png,25372,"{""caption"":"""",""public_domain"":""no"",""image_url"":""""}",31,24,"{""name"":""rect"",""x"":35,""y"":265,""width"":45,""height"":35}","{""name"":""date"",""type"":""25"",""image_quality"":{""good"":true,""frontal"":true,""good_illumination"":true}}"
sample.png,25372,"{""caption"":"""",""public_domain"":""no"",""image_url"":""""}",31,25,"{""name"":""rect"",""x"":125,""y"":263,""width"":47,""height"":39}","{""name"":""date"",""type"":""26"",""image_quality"":{""good"":true,""frontal"":true,""good_illumination"":true}}"
sample.png,25372,"{""caption"":"""",""public_domain"":""no"",""image_url"":""""}",31,26,"{""name"":""rect"",""x"":207,""y"":264,""width"":43,""height"":35}","{""name"":""date"",""type"":""27"",""image_quality"":{""good"":true,""frontal"":true,""good_illumination"":true}}"
sample.png,25372,"{""caption"":"""",""public_domain"":""no"",""image_url"":""""}",31,27,"{""name"":""rect"",""x"":302,""y"":262,""width"":45,""height"":37}","{""name"":""date"",""type"":""28"",""image_quality"":{""good"":true,""frontal"":true,""good_illumination"":true}}"
sample.png,25372,"{""caption"":"""",""public_domain"":""no"",""image_url"":""""}",31,28,"{""name"":""rect"",""x"":384,""y"":263,""width"":45,""height"":37}","{""name"":""date"",""type"":""29"",""image_quality"":{""good"":true,""frontal"":true,""good_illumination"":true}}"
sample.png,25372,"{""caption"":"""",""public_domain"":""no"",""image_url"":""""}",31,29,"{""name"":""rect"",""x"":465,""y"":262,""width"":46,""height"":39}","{""name"":""date"",""type"":""30"",""image_quality"":{""good"":true,""frontal"":true,""good_illumination"":true}}"
sample.png,25372,"{""caption"":"""",""public_domain"":""no"",""image_url"":""""}",31,30,"{""name"":""rect"",""x"":549,""y"":261,""width"":43,""height"":39}","{""name"":""date"",""type"":""31"",""image_quality"":{""good"":true,""frontal"":true,""good_illumination"":true}}"